<?xml version="1.0"?>
<appManifest xmlns:xs="http://www.w3.org/2001/XMLSchema" xmlns:xsi="http://www.w3.org/2001/XMLSchema-instance" xsi:schemaLocation="http://schemas.apprenda.com/DeploymentManifest http://apprenda.com/schemas/platform/6.5/DeploymentManifest.xsd" xmlns="http://schemas.apprenda.com/DeploymentManifest">
  <presentation strategy="CommingledAppRoot" scalingType="Manual"/>
  <linuxServices>
    <service name="docker" throttlingPolicy="Default" instanceCount="1" scalingType="Manual" encryptedUserToken="">
      <customProperties>
        <customProperty name="DockerBindHost">
          <values />
        </customProperty>
        <customProperty name="DockerBindLocal">
          <values />
        </customProperty>
        <customProperty name="DockerBindShared">
          <values />
        </customProperty>
        <customProperty name="DockerDeploy">
          <values>
            <propertyValue value="Registry" />
          </values>
        </customProperty>
        <customProperty name="DockerReadinessCheck">
          <values>
            <propertyValue value="Yes" />
          </values>
        </customProperty>
        <customProperty name="DockerReadinessCheckPath">
          <values>
            <propertyValue value="/" />
          </values>
        </customProperty>
        <customProperty name="DockerReadinessCheckScheme">
          <values>
            <propertyValue value="http" />
          </values>
        </customProperty>
        <customProperty name="DockerReadinessCheckTimeoutSecs">
          <values>
            <propertyValue value="300" />
          </values>
        </customProperty>
        <customProperty name="DockerImageName">
          <values>
            <propertyValue value="go-api" />
          </values>
        </customProperty>
        <customProperty name="DockerImageTag">
          <values>
            <propertyValue value="latest" />
          </values>
        </customProperty>
        <customProperty name="DockerNetwork">
          <values />
        </customProperty>
        <customProperty name="DockerNetworkScope">
          <values />
        </customProperty>
        <customProperty name="DockerCmd">
          <values />
        </customProperty>
        <customProperty name="DockerEntrypoint">
          <values />
        </customProperty>
      </customProperties>
      <environmentVariables />
      <systemProperties />
      <commandLineArguments />
      <ports>
        <dynamicPort httpMapped="true" portName="HTTP_8080" />
      </ports>
    </service>
  </linuxServices>
  <applicationServices level="None" enforceSsl="False" />
  <rollbackScripts />
  <customProperties>
    <customProperty name="PII">
      <values>
        <propertyValue value="No" />
      </values>
    </customProperty>
   </customProperties>
  <applicationServices level="None" enforceSsl="False" />
  <rollbackScripts />
</appManifest>